<Ui xmlns="http://www.blizzard.com/wow/ui/" xmlns:xsi="http://www.w3.org/2001/XMLSchema-instance">
	<Script file="Buffalo.lua" />

	<Button name="BuffButton" inherits="SecureActionButtonTemplate" parent="UIParent" toplevel="true" hidden="false" frameStrata="LOW" movable="true">
		<Size>
			<AbsDimension x="32" y="32" />
		</Size>
		<Anchors>
			<Anchor point="CENTER">
				<Offset>
					<AbsDimension x="0" y="100" />
				</Offset>
			</Anchor>
		</Anchors>
		<Scripts>
			<OnLoad>
				self:EnableMouse(true);
				self:EnableKeyboard(false);
				self:RegisterForDrag("LeftButton");
				self:RegisterForClicks("LeftButtonUp", "RightButtonUp");

				self:SetScript("PostClick", Buffalo_OnAfterBuffClick);

				self:SetAttribute("*type1", "spell");
				self:SetAttribute("unit", nil);
				self:SetAttribute("spell", nil);
				self:SetAttribute("item", nil);
				self:SetAttribute("target-slot", nil);
			</OnLoad>
			<OnDragStart>
				if (button == "LeftButton" and IsShiftKeyDown()) then
					self:StartMoving();
				end
			</OnDragStart>
			<OnDragStop>
				self:StopMovingOrSizing();
				Buffalo_RepositionateButton(self);
			</OnDragStop>
		</Scripts>
	</Button>


	<!-- Dummy event frame -->
	<Frame name="BuffaloEventFrame">
		<Scripts>
			<OnLoad>
				if (Buffalo_OnLoad) then
					Buffalo_OnLoad();
				end
			</OnLoad>
			<OnEvent>
				if (Buffalo_OnEvent) then
					Buffalo_OnEvent(self, event, ...);
				end
			</OnEvent>
			<OnUpdate>
				if (Buffalo_OnTimer) then
					Buffalo_OnTimer(elapsed);
				end
			</OnUpdate>
		</Scripts>
	</Frame>
</Ui>
