<Ui xmlns="http://www.blizzard.com/wow/ui/" xmlns:xsi="http://www.w3.org/2001/XMLSchema-instance">
	<Script file="Buffalo-Configuration.lua" />

	<!-- Frame template for one buff column -->
	<Button name="BuffaloGroupButtonTemplate" inherits="ActionButtonTemplate" frameStrata="HIGH" hidden="false" virtual="true">
		<Size>
			<AbsDimension x="32" y="32" />
		</Size>
		<NormalTexture file="Interface\PaperDoll\UI-Backpack-EmptySlot" />
		<Scripts>
			<OnLoad>
				self:RegisterForClicks("LeftButtonDown", "RightButtonDown");
			</OnLoad>
			<OnClick>
				Buffalo_ConfigurationBuffOnClick(self);
			</OnClick>
		</Scripts>
	</Button>

	<!-- Configration frame: main entry -->
	<Frame name="BuffaloConfigFrame" parent="UIParent" toplevel="true" inherits="BackdropTemplate" hidden="true" frameStrata="MEDIUM">
		<KeyValues>
			<KeyValue key="backdropInfo" value="BACKDROP_DIALOG_32_32" type="global"/>
			<KeyValue key="backdropColor" value="BLACK" type="global"/>
			<KeyValue key="backdropBorderColor" value="WHITE" type="global"/>
		</KeyValues>
		<Size x="450" y="350" />
		<Anchors>
			<Anchor point="CENTER"/>
		</Anchors>

		<Frames>
			<!-- Raid buff rows are inserted here -->
			<Frame name="$parentGroups" hidden="false">
				<Size x="400" y="200" />
				<Anchors>
					<Anchor point="TOPLEFT" x="30" y="-50" />
				</Anchors>
			</Frame>

			<!-- Self buff row is inserted here. All controls below are positioned relative tho this. -->
			<Frame name="$parentSelf" hidden="false">
				<Size x="400" y="200" />
				<Anchors>
					<Anchor point="BOTTOMLEFT" x="30" y="-110" relativeTo="BuffaloConfigFrame" />
				</Anchors>
			</Frame>

			<!-- Class config button -->
			<Button name="$parentClassConfigButton" inherits="UIPanelButtonTemplate" movable="true" text="Class options">
				<Size>
					<AbsDimension x="120" y="23" />
				</Size>
				<Anchors>
					<Anchor point="BOTTOM">
						<Offset x="-130" y="24" />
					</Anchor>
				</Anchors>
				<Scripts>
					<OnClick>Buffalo_OpenClassConfigDialogue();</OnClick>
				</Scripts>
			</Button>
			<!-- General config button -->
			<Button name="$parentClassConfigButton" inherits="UIPanelButtonTemplate" movable="true" text="General options">
				<Size>
					<AbsDimension x="120" y="23" />
				</Size>
				<Anchors>
					<Anchor point="BOTTOM">
						<Offset x="0" y="24" />
					</Anchor>
				</Anchors>
				<Scripts>
					<OnClick>Buffalo_OpenGeneralConfigDialogue();</OnClick>
				</Scripts>
			</Button>
			<!-- Close button -->
			<Button name="$parentCloseButton" inherits="UIPanelButtonTemplate" movable="true" text="Close">
				<Size>
					<AbsDimension x="120" y="23" />
				</Size>
				<Anchors>
					<Anchor point="BOTTOM">
						<Offset x="130" y="24" />
					</Anchor>
				</Anchors>
				<Scripts>
					<OnClick>Buffalo_ConfigurationOnCloseButtonClick();</OnClick>
				</Scripts>
			</Button>
		</Frames>
		
		<Layers>
			<Layer level="ARTWORK">
				<Texture name="$parentHeaderTexture" file="Interface\DialogFrame\UI-DialogBox-Header">
					<Size>
						<AbsDimension x="880" y="64"/>
					</Size>
					<Anchors>
						<Anchor point="TOP">
							<Offset>
								<AbsDimension x="0" y="12"/>
							</Offset>
						</Anchor>
					</Anchors>
				</Texture>
				<FontString inherits="GameFontNormal" text="Assign buffs for specific groups by left/right clicking the icons.">
					<Anchors>
						<Anchor point="TOP" relativeTo="$parentHeaderTexture">
							<Offset>
								<AbsDimension x="0" y="-14"/>
							</Offset>
						</Anchor>
					</Anchors>
				</FontString>
			
				<FontString inherits="GameFontNormal" text="Grp 1">
					<Anchors>
						<Anchor point="TOPLEFT">
							<Offset x="30" y="-30"/>
						</Anchor>
					</Anchors>
					<Color r="1" g="1" b="1" a="1.0"/>
				</FontString>
				<FontString inherits="GameFontNormal" text="Grp 2">
					<Anchors>
						<Anchor point="TOPLEFT">
							<Offset x="80" y="-30"/>
						</Anchor>
					</Anchors>
					<Color r="1" g="1" b="1" a="1.0"/>
				</FontString>
				<FontString inherits="GameFontNormal" text="Grp 3">
					<Anchors>
						<Anchor point="TOPLEFT">
							<Offset x="130" y="-30"/>
						</Anchor>
					</Anchors>
					<Color r="1" g="1" b="1" a="1.0"/>
				</FontString>
				<FontString inherits="GameFontNormal" text="Grp 4">
					<Anchors>
						<Anchor point="TOPLEFT">
							<Offset x="180" y="-30"/>
						</Anchor>
					</Anchors>
					<Color r="1" g="1" b="1" a="1.0"/>
				</FontString>
				<FontString inherits="GameFontNormal" text="Grp 5">
					<Anchors>
						<Anchor point="TOPLEFT">
							<Offset x="230" y="-30"/>
						</Anchor>
					</Anchors>
					<Color r="1" g="1" b="1" a="1.0"/>
				</FontString>
				<FontString inherits="GameFontNormal" text="Grp 6">
					<Anchors>
						<Anchor point="TOPLEFT">
							<Offset x="280" y="-30"/>
						</Anchor>
					</Anchors>
					<Color r="1" g="1" b="1" a="1.0"/>
				</FontString>
				<FontString inherits="GameFontNormal" text="Grp 7">
					<Anchors>
						<Anchor point="TOPLEFT">
							<Offset x="330" y="-30"/>
						</Anchor>
					</Anchors>
					<Color r="1" g="1" b="1" a="1.0"/>
				</FontString>
				<FontString inherits="GameFontNormal" text="Grp 8">
					<Anchors>
						<Anchor point="TOPLEFT">
							<Offset x="380" y="-30"/>
						</Anchor>
					</Anchors>
					<Color r="1" g="1" b="1" a="1.0"/>
				</FontString>

				<FontString inherits="GameFontNormal" text="Self buffs:">
					<Anchors>
						<Anchor point="TOPLEFT" relativeTo="$parentSelf">
							<Offset x="0" y="30"/>
						</Anchor>
					</Anchors>
					<Color r="1" g="1" b="1" a="1.0"/>
				</FontString>

				<FontString name="BuffaloVersionString" inherits="GameFontNormal" text="Buffalo x - by y">
					<Anchors>
						<Anchor point="BOTTOM">
							<Offset>
								<AbsDimension x="0" y="8"/>
							</Offset>
						</Anchor>
					</Anchors>
					<Color r="0.4" g="0.3" b="0.1" a="1.0"/>
				</FontString>

			</Layer>
		</Layers>
		
		<Scripts>
			<OnLoad inherit="prepend">
				self:SetMovable(true)
				self:SetUserPlaced(true)
				self:RegisterForDrag("LeftButton")
				tinsert(UISpecialFrames, self:GetName());
			</OnLoad>
			<OnShow>
				PlaySound(IG_MAINMENU_OPEN);
			</OnShow>
			<OnHide>
				PlaySound(IG_MAINMENU_CLOSE);
			</OnHide>
			<OnDragStart>
				if not BUFFALO_SubConfigOpen then
					self:StartMoving()
				end;
			</OnDragStart>
			<OnDragStop>
				if not BUFFALO_SubConfigOpen then
					self:StopMovingOrSizing()
				end;
			</OnDragStop>
		</Scripts>
	</Frame>
</Ui>